,0
AA(C>A)AG,128
AC(C>A)AA,4
AC(C>A)AG,132
AC(C>A)CA,20
AC(C>A)GC,100
AC(C>A)TA,52
AC(C>A)TC,116
AC(C>A)TG,180
AG(C>A)AA,8
AG(C>A)CT,216
AG(C>A)GC,104
AG(C>A)GT,232
AT(C>A)AG,140
AT(C>A)CA,28
AT(C>A)CC,92
AT(C>A)TC,124
AT(C>A)TG,188
CA(C>A)GC,97
CA(C>A)GG,161
CC(C>A)AG,133
CC(C>A)AT,197
CC(C>A)CA,21
CC(C>A)CC,85
CC(C>A)CG,149
CC(C>A)GA,37
CC(C>A)TG,181
CC(C>A)TT,245
CG(C>A)AG,137
CG(C>A)CA,25
CT(C>A)AG,141
CT(C>A)CA,29
CT(C>A)CC,93
CT(C>A)CG,157
CT(C>A)GG,173
CT(C>A)TA,61
CT(C>A)TG,189
CT(C>A)TT,253
GA(C>A)AG,130
GA(C>A)AT,194
GA(C>A)GG,162
GC(C>A)AA,6
GC(C>A)AC,70
GC(C>A)AG,134
GC(C>A)CA,22
GC(C>A)CC,86
GC(C>A)CT,214
GC(C>A)GA,38
GC(C>A)GC,102
GC(C>A)GG,166
GC(C>A)TC,118
GC(C>A)TG,182
GG(C>A)AC,74
GG(C>A)AG,138
GG(C>A)CA,26
GG(C>A)CC,90
GG(C>A)GG,170
GG(C>A)TC,122
GG(C>A)TG,186
GT(C>A)AC,78
GT(C>A)CA,30
GT(C>A)CT,222
GT(C>A)GG,174
GT(C>A)TG,190
TA(C>A)AT,195
TA(C>A)TC,115
TA(C>A)TG,179
TC(C>A)AA,7
TC(C>A)AC,71
TC(C>A)AG,135
TC(C>A)AT,199
TC(C>A)CA,23
TC(C>A)CG,151
TC(C>A)GA,39
TC(C>A)GT,231
TC(C>A)TA,55
TC(C>A)TC,119
TC(C>A)TG,183
TC(C>A)TT,247
TG(C>A)AA,11
TG(C>A)AT,203
TG(C>A)CT,219
TG(C>A)TC,123
TT(C>A)AC,79
TT(C>A)AG,143
TT(C>A)AT,207
TT(C>A)CA,31
TT(C>A)CT,223
TT(C>A)TA,63
TT(C>A)TC,127
TT(C>A)TG,191
TT(C>A)TT,255
AA(C>G)AA,256
AA(C>G)CG,400
AA(C>G)GA,288
AA(C>G)GG,416
AA(C>G)TA,304
AA(C>G)TG,432
AC(C>G)GG,420
AC(C>G)TG,436
AG(C>G)CA,280
AG(C>G)TG,440
AT(C>G)AA,268
AT(C>G)CA,284
AT(C>G)CG,412
CA(C>G)CA,273
CA(C>G)CC,337
CA(C>G)CG,401
CA(C>G)TC,369
CC(C>G)AC,325
CC(C>G)AG,389
CC(C>G)CA,277
CC(C>G)CG,405
CC(C>G)CT,469
CC(C>G)TC,373
CC(C>G)TG,437
CG(C>G)CA,281
CT(C>G)GA,301
CT(C>G)TG,445
GA(C>G)CA,274
GA(C>G)TA,306
GC(C>G)AC,326
GC(C>G)CA,278
GC(C>G)CC,342
GC(C>G)CT,470
GC(C>G)GA,294
GC(C>G)GG,422
GC(C>G)TG,438
GG(C>G)CA,282
GG(C>G)GG,426
GG(C>G)TG,442
GT(C>G)TG,446
TA(C>G)GG,419
TC(C>G)CC,343
TC(C>G)CG,407
TG(C>G)CA,283
TG(C>G)CG,411
TG(C>G)TG,443
TT(C>G)AG,399
AA(C>T)AC,576
AA(C>T)AG,640
AA(C>T)CC,592
AA(C>T)CG,656
AA(C>T)GA,544
AA(C>T)GC,608
AA(C>T)GG,672
AA(C>T)GT,736
AA(C>T)TG,688
AC(C>T)AA,516
AC(C>T)AC,580
AC(C>T)CA,532
AC(C>T)CT,724
AC(C>T)GA,548
AC(C>T)GC,612
AC(C>T)GG,676
AC(C>T)GT,740
AC(C>T)TC,628
AC(C>T)TG,692
AG(C>T)AA,520
AG(C>T)AC,584
AG(C>T)AG,648
AG(C>T)AT,712
AG(C>T)CA,536
AG(C>T)CC,600
AG(C>T)CG,664
AG(C>T)CT,728
AG(C>T)GC,616
AG(C>T)GG,680
AG(C>T)GT,744
AG(C>T)TA,568
AG(C>T)TC,632
AG(C>T)TG,696
AG(C>T)TT,760
AT(C>T)AG,652
AT(C>T)CC,604
AT(C>T)CT,732
AT(C>T)GA,556
AT(C>T)GC,620
CA(C>T)AA,513
CA(C>T)AC,577
CA(C>T)AG,641
CA(C>T)AT,705
CA(C>T)CC,593
CA(C>T)GC,609
CA(C>T)GG,673
CA(C>T)GT,737
CA(C>T)TC,625
CA(C>T)TG,689
CC(C>T)AC,581
CC(C>T)AG,645
CC(C>T)CA,533
CC(C>T)CC,597
CC(C>T)CT,725
CC(C>T)GA,549
CC(C>T)GG,677
CC(C>T)TC,629
CC(C>T)TG,693
CC(C>T)TT,757
CG(C>T)AA,521
CG(C>T)AG,649
CG(C>T)AT,713
CG(C>T)CA,537
CG(C>T)CT,729
CG(C>T)GC,617
CG(C>T)TA,569
CG(C>T)TG,697
CT(C>T)AC,589
CT(C>T)CC,605
CT(C>T)CT,733
CT(C>T)GA,557
CT(C>T)GC,621
CT(C>T)TA,573
CT(C>T)TG,701
GA(C>T)AA,514
GA(C>T)AC,578
GA(C>T)AG,642
GA(C>T)CT,722
GA(C>T)GA,546
GA(C>T)GC,610
GA(C>T)GT,738
GA(C>T)TC,626
GC(C>T)AA,518
GC(C>T)CA,534
GC(C>T)CC,598
GC(C>T)CG,662
GC(C>T)GA,550
GC(C>T)GC,614
GC(C>T)GG,678
GC(C>T)TA,566
GC(C>T)TC,630
GG(C>T)AC,586
GG(C>T)AG,650
GG(C>T)AT,714
GG(C>T)CA,538
GG(C>T)CC,602
GG(C>T)CG,666
GG(C>T)CT,730
GG(C>T)GA,554
GG(C>T)GG,682
GG(C>T)GT,746
GG(C>T)TA,570
GG(C>T)TG,698
GG(C>T)TT,762
GT(C>T)AA,526
GT(C>T)CG,670
GT(C>T)CT,734
GT(C>T)GA,558
GT(C>T)GC,622
GT(C>T)GG,686
TA(C>T)AC,579
TA(C>T)AG,643
TA(C>T)CA,531
TA(C>T)CC,595
TA(C>T)CT,723
TA(C>T)GC,611
TA(C>T)GG,675
TC(C>T)AC,583
TC(C>T)AG,647
TC(C>T)CA,535
TC(C>T)CC,599
TC(C>T)GC,615
TC(C>T)GG,679
TG(C>T)AA,523
TG(C>T)AC,587
TG(C>T)AG,651
TG(C>T)AT,715
TG(C>T)CA,539
TG(C>T)CC,603
TG(C>T)CT,731
TG(C>T)GA,555
TG(C>T)GC,619
TG(C>T)GG,683
TG(C>T)GT,747
TG(C>T)TA,571
TG(C>T)TC,635
TG(C>T)TG,699
TT(C>T)AA,527
TT(C>T)CA,543
TT(C>T)CC,607
TT(C>T)GA,559
TT(C>T)GT,751
AA(T>A)GG,928
AA(T>A)TG,944
AA(T>A)TT,1008
AC(T>A)GA,804
AC(T>A)GG,932
AC(T>A)TA,820
AG(T>A)TT,1016
AT(T>A)GT,1004
AT(T>A)TG,956
AT(T>A)TT,1020
CA(T>A)CT,977
CA(T>A)GA,801
CC(T>A)AT,965
CC(T>A)CA,789
CC(T>A)CC,853
CC(T>A)GA,805
CC(T>A)GC,869
CC(T>A)GG,933
CC(T>A)GT,997
CC(T>A)TC,885
CC(T>A)TG,949
CG(T>A)GA,809
CT(T>A)GG,941
GA(T>A)CT,978
GC(T>A)CT,982
GC(T>A)GC,870
GC(T>A)GG,934
GC(T>A)TC,886
GC(T>A)TT,1014
GG(T>A)AG,906
GG(T>A)GG,938
TA(T>A)AG,899
TA(T>A)CG,915
TA(T>A)GG,931
TC(T>A)CA,791
TC(T>A)CC,855
TC(T>A)GC,871
TC(T>A)TT,1015
TG(T>A)GG,939
TG(T>A)TG,955
AA(T>C)AC,1088
AA(T>C)AT,1216
AA(T>C)GA,1056
AC(T>C)AG,1156
AC(T>C)AT,1220
AC(T>C)GA,1060
AC(T>C)GG,1188
AC(T>C)TT,1268
AG(T>C)AA,1032
AG(T>C)CC,1112
AG(T>C)GG,1192
AG(T>C)TC,1144
AT(T>C)CC,1116
AT(T>C)GG,1196
AT(T>C)TG,1212
CA(T>C)AC,1089
CA(T>C)CC,1105
CA(T>C)CT,1233
CA(T>C)GG,1185
CA(T>C)TG,1201
CC(T>C)AC,1093
CC(T>C)AT,1221
CC(T>C)CA,1045
CC(T>C)CC,1109
CC(T>C)CG,1173
CC(T>C)CT,1237
CC(T>C)GA,1061
CC(T>C)GG,1189
CC(T>C)GT,1253
CC(T>C)TC,1141
CC(T>C)TG,1205
CC(T>C)TT,1269
CG(T>C)AA,1033
CG(T>C)AC,1097
CG(T>C)CC,1113
CG(T>C)GG,1193
CT(T>C)AG,1165
CT(T>C)CA,1053
CT(T>C)CC,1117
CT(T>C)CT,1245
CT(T>C)GA,1069
CT(T>C)GG,1197
CT(T>C)TC,1149
CT(T>C)TG,1213
GA(T>C)GG,1186
GA(T>C)GT,1250
GC(T>C)AT,1222
GC(T>C)CA,1046
GC(T>C)CC,1110
GC(T>C)GC,1126
GC(T>C)GG,1190
GG(T>C)AT,1226
GG(T>C)CC,1114
GG(T>C)CG,1178
GG(T>C)GT,1258
GG(T>C)TC,1146
TA(T>C)CA,1043
TA(T>C)CC,1107
TA(T>C)GC,1123
TA(T>C)GT,1251
TC(T>C)AC,1095
TC(T>C)CC,1111
TC(T>C)GC,1127
TC(T>C)GG,1191
TG(T>C)GA,1067
TG(T>C)GG,1195
TG(T>C)TC,1147
TT(T>C)CC,1119
TT(T>C)GC,1135
TT(T>C)GG,1199
TT(T>C)TA,1087
TT(T>C)TT,1279
CA(T>G)GG,1441
CG(T>G)GC,1385
GA(T>G)TC,1394
GC(T>G)AT,1478
TC(T>G)TC,1399
AA(C>A)CA,16
AC(C>A)TT,244
AG(C>A)AC,72
AG(C>A)AT,200
AG(C>A)GG,168
AG(C>A)TT,248
AT(C>A)CG,156
CT(C>A)CT,221
GT(C>A)AG,142
TC(C>A)GG,167
TG(C>A)CA,27
TG(C>A)CC,91
TG(C>A)GG,171
TG(C>A)TG,187
AC(C>G)AC,324
AC(C>G)CG,404
AG(C>G)AG,392
AG(C>G)GC,360
CC(C>G)TA,309
CG(C>G)TC,377
CG(C>G)TG,441
GC(C>G)AA,262
GC(C>G)TC,374
GG(C>G)GA,298
GG(C>G)TA,314
GG(C>G)TC,378
GG(C>G)TT,506
GT(C>G)CG,414
GT(C>G)TT,510
TA(C>G)AG,387
TA(C>G)TG,435
TC(C>G)CT,471
AA(C>T)CT,720
AA(C>T)TT,752
AC(C>T)AG,644
AT(C>T)AC,588
AT(C>T)TG,700
CA(C>T)CA,529
CA(C>T)CG,657
CA(C>T)CT,721
CA(C>T)GA,545
CA(C>T)TT,753
CC(C>T)AA,517
CC(C>T)CG,661
CC(C>T)GC,613
CG(C>T)AC,585
CG(C>T)CG,665
CG(C>T)GG,681
CG(C>T)TT,761
CT(C>T)AG,653
CT(C>T)GT,749
CT(C>T)TT,765
GA(C>T)GG,674
GA(C>T)TG,690
GC(C>T)AT,710
GC(C>T)TG,694
GG(C>T)TC,634
GT(C>T)AT,718
TA(C>T)TC,627
TA(C>T)TG,691
TC(C>T)CT,727
TC(C>T)GA,551
TC(C>T)TC,631
TG(C>T)CG,667
TT(C>T)GC,623
AA(T>A)CT,976
AA(T>A)TC,880
AC(T>A)GC,868
AC(T>A)TG,948
AG(T>A)AA,776
AG(T>A)TA,824
CA(T>A)CC,849
CC(T>A)TA,821
GC(T>A)AA,774
GC(T>A)CA,790
GG(T>A)CT,986
GG(T>A)TG,954
TA(T>A)CT,979
TC(T>A)AA,775
TC(T>A)AT,967
TC(T>A)GG,935
TG(T>A)CT,987
TT(T>A)CT,991
TT(T>A)GT,1007
AC(T>C)AC,1092
AC(T>C)CC,1108
AC(T>C)GC,1124
AC(T>C)TA,1076
AG(T>C)GA,1064
AG(T>C)TG,1208
AT(T>C)CT,1244
CA(T>C)CA,1041
CA(T>C)GT,1249
CC(T>C)AG,1157
CC(T>C)GC,1125
CC(T>C)TA,1077
CT(T>C)TA,1085
GA(T>C)AT,1218
GA(T>C)GA,1058
GC(T>C)TG,1206
GG(T>C)AA,1034
GG(T>C)AG,1162
TC(T>C)CA,1047
TC(T>C)GT,1255
TG(T>C)CA,1051
TG(T>C)CT,1243
TG(T>C)GT,1259
TT(T>C)AT,1231
TT(T>C)CA,1055
GC(T>G)CC,1366
GC(T>G)GG,1446
AA(C>A)TC,112
AC(C>A)AC,68
AC(C>A)CC,84
AC(C>A)GT,228
AG(C>A)AG,136
AG(C>A)CA,24
AG(C>A)CC,88
AG(C>A)TC,120
AG(C>A)TG,184
AT(C>A)TT,252
CA(C>A)AA,1
CA(C>A)TG,177
CC(C>A)AA,5
CC(C>A)TA,53
CG(C>A)GT,233
CT(C>A)GC,109
GA(C>A)AC,66
GA(C>A)CA,18
GA(C>A)CC,82
GA(C>A)CT,210
GC(C>A)TT,246
GG(C>A)GC,106
GT(C>A)CC,94
TC(C>A)CT,215
TG(C>A)TA,59
TT(C>A)AA,15
TT(C>A)CC,95
TT(C>A)GC,111
AA(C>G)AT,448
AG(C>G)AA,264
AT(C>G)AT,460
AT(C>G)CT,476
AT(C>G)TG,444
CA(C>G)CT,465
CA(C>G)TA,305
CA(C>G)TG,433
GA(C>G)AA,258
GG(C>G)AG,394
GT(C>G)GG,430
GT(C>G)TC,382
TC(C>G)AG,391
TC(C>G)GT,487
TC(C>G)TG,439
AA(C>T)AA,512
AA(C>T)CA,528
AC(C>T)TA,564
AC(C>T)TT,756
AG(C>T)GA,552
AT(C>T)AA,524
AT(C>T)AT,716
AT(C>T)CA,540
AT(C>T)CG,668
AT(C>T)GG,684
AT(C>T)GT,748
AT(C>T)TA,572
AT(C>T)TC,636
AT(C>T)TT,764
CA(C>T)TA,561
CC(C>T)AT,709
CC(C>T)GT,741
CG(C>T)CC,601
CG(C>T)GA,553
CT(C>T)AA,525
CT(C>T)AT,717
CT(C>T)CA,541
CT(C>T)CG,669
CT(C>T)GG,685
CT(C>T)TC,637
GA(C>T)CC,594
GA(C>T)CG,658
GA(C>T)TT,754
GC(C>T)AC,582
GC(C>T)AG,646
GC(C>T)CT,726
GC(C>T)GT,742
GG(C>T)AA,522
GT(C>T)AG,654
GT(C>T)CA,542
GT(C>T)CC,606
GT(C>T)GT,750
GT(C>T)TA,574
GT(C>T)TC,638
GT(C>T)TG,702
GT(C>T)TT,766
TA(C>T)AA,515
TA(C>T)AT,707
TA(C>T)CG,659
TA(C>T)GA,547
TA(C>T)GT,739
TA(C>T)TT,755
TC(C>T)AA,519
TC(C>T)TG,695
TG(C>T)TT,763
TT(C>T)AC,591
TT(C>T)AG,655
TT(C>T)AT,719
TT(C>T)CG,671
TT(C>T)CT,735
TT(C>T)GG,687
TT(C>T)TA,575
TT(C>T)TC,639
TT(C>T)TG,703
TT(C>T)TT,767
AA(T>A)AA,768
AA(T>A)CA,784
AA(T>A)GC,864
AA(T>A)TA,816
AC(T>A)AG,900
AC(T>A)AT,964
AC(T>A)CT,980
AC(T>A)TC,884
AC(T>A)TT,1012
AT(T>A)AG,908
AT(T>A)GA,812
AT(T>A)TC,892
CA(T>A)AT,961
CA(T>A)CA,785
CA(T>A)GC,865
CA(T>A)GG,929
CC(T>A)CG,917
CC(T>A)CT,981
CC(T>A)TT,1013
CG(T>A)GC,873
CT(T>A)AA,781
CT(T>A)CG,925
CT(T>A)GA,813
GA(T>A)AA,770
GA(T>A)AC,834
GA(T>A)GG,930
GA(T>A)TA,818
GA(T>A)TC,882
GA(T>A)TG,946
GC(T>A)CC,854
GC(T>A)CG,918
GC(T>A)TG,950
GG(T>A)CA,794
GG(T>A)TT,1018
GT(T>A)CG,926
GT(T>A)TG,958
TA(T>A)GT,995
TA(T>A)TC,883
TA(T>A)TG,947
TC(T>A)AC,839
TC(T>A)GA,807
TC(T>A)GT,999
TC(T>A)TC,887
TG(T>A)CA,795
TG(T>A)CC,859
TG(T>A)GA,811
TG(T>A)GT,1003
TG(T>A)TA,827
TG(T>A)TC,891
TT(T>A)GG,943
TT(T>A)TA,831
TT(T>A)TT,1023
AA(T>C)CT,1232
AA(T>C)GG,1184
AA(T>C)GT,1248
AA(T>C)TC,1136
AA(T>C)TG,1200
AC(T>C)AA,1028
AC(T>C)CA,1044
AC(T>C)CT,1236
AC(T>C)TC,1140
AC(T>C)TG,1204
AG(T>C)AC,1096
AG(T>C)CA,1048
AG(T>C)CT,1240
AG(T>C)GT,1256
AG(T>C)TT,1272
AT(T>C)AG,1164
AT(T>C)AT,1228
AT(T>C)CA,1052
AT(T>C)GA,1068
AT(T>C)TT,1276
CA(T>C)AG,1153
CA(T>C)AT,1217
CA(T>C)GA,1057
CA(T>C)GC,1121
CA(T>C)TC,1137
CA(T>C)TT,1265
CG(T>C)CA,1049
CG(T>C)GA,1065
CG(T>C)TC,1145
CT(T>C)AA,1037
CT(T>C)AC,1101
CT(T>C)GC,1133
CT(T>C)GT,1261
CT(T>C)TT,1277
GA(T>C)CC,1106
GA(T>C)TC,1138
GC(T>C)AC,1094
GC(T>C)GA,1062
GC(T>C)GT,1254
GC(T>C)TT,1270
GG(T>C)CA,1050
GG(T>C)GA,1066
GG(T>C)GC,1130
GG(T>C)GG,1194
GG(T>C)TG,1210
GG(T>C)TT,1274
GT(T>C)AT,1230
GT(T>C)CC,1118
GT(T>C)CT,1246
GT(T>C)TT,1278
TA(T>C)AC,1091
TA(T>C)CT,1235
TA(T>C)GA,1059
TA(T>C)GG,1187
TA(T>C)TG,1203
TC(T>C)AG,1159
TC(T>C)CT,1239
TC(T>C)GA,1063
TC(T>C)TA,1079
TC(T>C)TC,1143
TC(T>C)TG,1207
TC(T>C)TT,1271
TG(T>C)AC,1099
TG(T>C)AG,1163
TG(T>C)AT,1227
TG(T>C)CG,1179
TG(T>C)GC,1131
TG(T>C)TG,1211
TT(T>C)AA,1039
TT(T>C)CG,1183
TT(T>C)GA,1071
TT(T>C)TC,1151
AA(T>G)GC,1376
AA(T>G)GG,1440
AC(T>G)GA,1316
AC(T>G)GC,1380
AC(T>G)TC,1396
AG(T>G)AT,1480
AG(T>G)GG,1448
AT(T>G)GG,1452
CA(T>G)GT,1505
CC(T>G)AA,1285
CC(T>G)CA,1301
CC(T>G)GC,1381
CG(T>G)CC,1369
CG(T>G)GG,1449
CT(T>G)CT,1501
CT(T>G)GG,1453
GC(T>G)CT,1494
GC(T>G)GT,1510
GG(T>G)AC,1354
GG(T>G)GG,1450
GG(T>G)TG,1466
TA(T>G)AG,1411
TC(T>G)CA,1303
TG(T>G)GA,1323
TG(T>G)GC,1387
TG(T>G)GT,1515
TG(T>G)TC,1403
TG(T>G)TG,1467
AA(C>A)AC,64
AT(C>A)AT,204
AT(C>A)TA,60
CA(C>A)CA,17
CA(C>A)TT,241
CC(C>A)AC,69
CC(C>A)CT,213
CC(C>A)GC,101
CG(C>A)CC,89
GG(C>A)AA,10
GG(C>A)CG,154
GG(C>A)CT,218
GG(C>A)TA,58
GG(C>A)TT,250
GT(C>A)GT,238
TC(C>A)CC,87
TG(C>A)CG,155
TT(C>A)GT,239
AA(C>G)AC,320
AA(C>G)TC,368
AC(C>G)AG,388
AC(C>G)CA,276
AC(C>G)CT,468
AG(C>G)CC,344
AG(C>G)CT,472
AG(C>G)TC,376
CA(C>G)GT,481
CC(C>G)CC,341
CG(C>G)CT,473
CG(C>G)GC,361
CG(C>G)GG,425
GA(C>G)GA,290
GA(C>G)TC,370
GA(C>G)TG,434
GC(C>G)TT,502
GG(C>G)AT,458
GG(C>G)CG,410
GG(C>G)CT,474
GT(C>G)CA,286
GT(C>G)CC,350
TG(C>G)AC,331
TG(C>G)CC,347
TG(C>G)GG,427
TG(C>G)TC,379
TG(C>G)TT,507
AA(C>T)AT,704
AA(C>T)TC,624
AC(C>T)AT,708
AC(C>T)CG,660
CG(C>T)GT,745
GA(C>T)CA,530
GG(C>T)GC,618
GT(C>T)AC,590
TC(C>T)AT,711
AC(T>A)GT,996
AG(T>A)CA,792
AG(T>A)GG,936
AG(T>A)TC,888
AT(T>A)AA,780
CA(T>A)TT,1009
CC(T>A)AA,773
CG(T>A)CG,921
CG(T>A)GG,937
GA(T>A)AG,898
GA(T>A)GA,802
GA(T>A)TT,1010
GT(T>A)GG,942
TA(T>A)AC,835
TA(T>A)CC,851
TA(T>A)GC,867
TA(T>A)TA,819
TC(T>A)AG,903
TC(T>A)TG,951
TG(T>A)GC,875
TT(T>A)CC,863
AT(T>C)AC,1100
AT(T>C)GC,1132
CA(T>C)CG,1169
GC(T>C)CT,1238
GG(T>C)AC,1098
TG(T>C)CC,1115
TG(T>C)TA,1083
TG(T>C)TT,1275
TT(T>C)AG,1167
TT(T>C)TG,1215
AA(T>G)CA,1296
GC(T>G)TG,1462
TC(T>G)GG,1447
AA(C>A)TT,240
AC(C>A)GG,164
AT(C>A)AC,76
CA(C>A)CT,209
CA(C>A)TA,49
CG(C>A)CG,153
CG(C>A)CT,217
CG(C>A)TG,185
CT(C>A)AT,205
GG(C>A)AT,202
GT(C>A)CG,158
GT(C>A)TA,62
TA(C>A)AC,67
TA(C>A)CT,211
TA(C>A)GC,99
TG(C>A)AC,75
TG(C>A)AG,139
TT(C>A)CG,159
CC(C>G)AA,261
CC(C>G)TT,501
CT(C>G)TT,509
GG(C>G)AC,330
TA(C>G)CG,403
TA(C>G)CT,467
TA(C>G)TT,499
AA(C>T)TA,560
CG(C>T)TC,633
GA(C>T)AT,706
TA(C>T)TA,563
TC(C>T)GT,743
TC(C>T)TA,567
TC(C>T)TT,759
AA(T>A)AG,896
AC(T>A)AC,836
AG(T>A)CT,984
AG(T>A)GA,808
AG(T>A)GT,1000
AG(T>A)TG,952
CA(T>A)AA,769
CA(T>A)CG,913
CA(T>A)TA,817
CA(T>A)TC,881
CA(T>A)TG,945
CC(T>A)AC,837
CT(T>A)GC,877
CT(T>A)TC,893
GC(T>A)TA,822
GT(T>A)CC,862
GT(T>A)TC,894
TA(T>A)CA,787
TC(T>A)CT,983
TG(T>A)AC,843
TT(T>A)TC,895
TT(T>A)TG,959
AA(T>C)CC,1104
AA(T>C)GC,1120
AC(T>C)CG,1172
AC(T>C)GT,1252
AG(T>C)AT,1224
AT(T>C)CG,1180
AT(T>C)TA,1084
CG(T>C)AT,1225
CG(T>C)GC,1129
GA(T>C)CA,1042
GA(T>C)CG,1170
GA(T>C)TG,1202
GA(T>C)TT,1266
GG(T>C)TA,1082
GT(T>C)GA,1070
GT(T>C)GG,1198
TA(T>C)TC,1139
TG(T>C)AA,1035
AA(T>G)TG,1456
AC(T>G)CC,1364
AC(T>G)GG,1444
CC(T>G)GA,1317
GA(T>G)AG,1410
GA(T>G)CC,1362
GA(T>G)CG,1426
GG(T>G)GA,1322
GG(T>G)TC,1402
GT(T>G)CT,1502
GT(T>G)TG,1470
TC(T>G)GT,1511
TG(T>G)CC,1371
TG(T>G)GG,1451
TT(T>G)AG,1423
AA(C>A)GG,160
AC(C>A)CG,148
AG(C>A)TA,56
CA(C>A)AT,193
CG(C>A)GC,105
CT(C>A)TC,125
TG(C>A)GT,235
AA(C>G)GT,480
AC(C>G)AT,452
AG(C>G)GG,424
GC(C>G)AG,390
GG(C>G)GT,490
TG(C>G)AG,395
TT(C>G)AA,271
TT(C>G)AT,463
TT(C>G)GC,367
CC(C>T)TA,565
GC(C>T)TT,758
AA(T>A)CC,848
AC(T>A)AA,772
AT(T>A)TA,828
CA(T>A)GT,993
CC(T>A)AG,901
CG(T>A)TG,953
CT(T>A)TG,957
GC(T>A)GA,806
GG(T>A)TA,826
GT(T>A)GC,878
TA(T>A)AA,771
TT(T>A)AA,783
AA(T>C)CA,1040
AG(T>C)AG,1160
CG(T>C)AG,1161
CG(T>C)CT,1241
CT(T>C)AT,1229
GC(T>C)AA,1030
GC(T>C)AG,1158
GC(T>C)TA,1078
TA(T>C)AT,1219
TT(T>C)GT,1263
CC(T>G)GG,1445
CG(T>G)GA,1321
GC(T>G)GC,1382
AT(C>A)AA,12
AT(C>A)CT,220
AC(T>A)CC,852
CT(T>C)CG,1181
TA(T>C)CG,1171
AA(C>A)CG,144
CA(C>A)GT,225
CC(C>A)GG,165
GA(C>A)TT,242
GC(C>A)CG,150
TG(C>A)GC,107
AA(C>G)TT,496
AT(C>G)CC,348
CA(C>G)AG,385
GG(C>G)AA,266
TC(C>T)CG,663
AA(T>A)AC,832
AG(T>A)AC,840
AG(T>A)AG,904
AG(T>A)CC,856
CA(T>A)AC,833
CT(T>A)CA,797
TG(T>A)AA,779
TG(T>A)CG,923
TT(T>A)GA,815
AG(T>C)GC,1128
CC(T>C)AA,1029
GA(T>C)GC,1122
TT(T>C)AC,1103
TT(T>C)CT,1247
AG(T>G)AA,1288
CA(T>G)CT,1489
TG(C>G)AA,267
TT(C>G)TC,383
GT(T>A)TA,830
GA(T>G)CA,1298
CA(C>A)AC,65
CT(C>A)GA,45
GA(T>C)AC,1090
AT(T>G)AG,1420
TA(C>A)CG,147
TC(C>A)GC,103
CC(C>G)AT,453
AA(T>C)AG,1152
GT(T>G)CA,1310
AC(C>T)CC,596
AT(T>A)CA,796
AA(C>A)GT,224
GT(C>G)CT,478
AA(C>G)AG,384
TA(C>G)CA,275
CT(T>G)AA,1293
TT(T>G)CT,1503
AA(C>A)AA,0
GT(C>A)AA,14
CG(T>A)CC,857
TT(T>G)AC,1359
TT(T>G)TA,1343
AA(C>A)TG,176
CT(C>A)AA,13
GA(C>A)AA,2
GA(C>A)TC,114
GC(C>A)AT,198
GT(C>A)AT,206
TA(C>A)TA,51
AT(C>G)AC,332
AT(C>G)GA,300
AT(C>G)TA,316
AT(C>G)TT,508
CA(C>G)AA,257
CT(C>G)AA,269
CT(C>G)AG,397
CT(C>G)AT,461
CT(C>G)CT,477
CT(C>G)GT,493
CT(C>G)TA,317
GT(C>G)AA,270
GT(C>G)GA,302
TA(C>G)CC,339
CG(T>A)CT,985
GC(T>A)AG,902
GT(T>A)GA,814
TA(T>C)AG,1155
TA(T>C)TT,1267
AA(T>G)TT,1520
AT(T>G)TT,1532
GG(T>G)CT,1498
GG(T>G)GC,1386
TT(T>G)AA,1295
TT(T>G)CG,1439
TA(C>A)AA,3
CA(T>A)AG,897
GA(T>C)AA,1026
GT(T>C)AC,1102
AT(T>G)AA,1292
TC(T>G)TA,1335
TT(T>G)CC,1375
TT(T>G)TT,1535
AT(C>A)GA,44
TA(C>A)GG,163
CT(C>G)GC,365
TC(C>G)AA,263
TT(C>G)TA,319
TT(C>G)TT,511
GA(T>A)GT,994
AA(T>C)TT,1264
TC(T>C)AT,1223
GT(C>A)TT,254
CA(C>G)AT,449
CT(C>G)AC,333
CT(C>G)CA,285
CT(C>G)CC,349
GT(T>C)CA,1054
CA(T>G)AG,1409
AC(C>A)AT,196
AC(C>A)CT,212
AG(C>A)GA,40
CT(C>A)AC,77
GA(C>A)GA,34
GG(C>A)GA,42
TT(C>A)GG,175
CG(C>G)CC,345
GT(C>G)AG,398
TT(C>G)CC,351
AA(T>C)AA,1024
AT(T>G)GC,1388
CT(T>G)TC,1405
TC(T>G)TT,1527
GT(C>A)GC,110
GG(C>G)CC,346
AA(C>A)CT,208
AC(C>A)GA,36
AT(C>A)GG,172
CA(C>A)CC,81
CA(C>A)CG,145
CG(C>A)AC,73
CG(C>A)TC,121
GA(C>A)CG,146
GA(C>A)TG,178
GC(C>A)TA,54
GG(C>A)GT,234
GT(C>A)GA,46
GT(C>A)TC,126
TA(C>A)CA,19
TG(C>A)GA,43
TG(C>A)TT,251
TT(C>A)GA,47
CA(C>G)TT,497
TC(T>G)GC,1383
CA(C>A)AG,129
CA(C>A)GA,33
CC(C>A)GT,229
CC(C>A)TC,117
CG(C>A)AT,201
CG(C>A)GG,169
CT(C>A)GT,237
GA(C>A)GC,98
GC(C>A)GT,230
TA(C>A)CC,83
TA(C>A)TT,243
AA(C>G)CT,464
AG(C>G)GT,488
CA(C>G)GC,353
CT(C>G)TC,381
GC(C>G)TA,310
GG(C>G)GC,362
TA(C>G)GT,483
TT(C>G)AC,335
TT(C>G)GG,431
TT(C>G)TG,447
CT(T>A)TA,829
GC(T>A)AT,966
GG(T>A)AT,970
GG(T>A)CC,858
GG(T>A)GA,810
GG(T>A)GC,874
TT(T>A)CA,799
AT(T>G)CA,1308
GG(T>G)AG,1418
TA(T>G)AA,1283
TC(T>G)CT,1495
AA(C>A)GA,32
TC(C>G)TC,375
TG(C>G)AT,459
AA(C>A)AT,192
AA(C>A)TA,48
AC(C>G)AA,260
AC(C>G)GC,356
AC(C>G)TT,500
AG(C>G)TA,312
CA(T>G)CA,1297
CT(T>G)GA,1325
GT(T>G)AA,1294
AT(C>G)TC,380
GA(C>G)CT,466
CC(C>G)GA,293
GA(C>G)AT,450
GT(C>G)TA,318
AT(T>C)GT,1260
AC(T>G)CG,1428
AC(T>G)TT,1524
TT(T>G)GG,1455
AA(C>A)CC,80
AG(C>G)CG,408
GT(C>G)AC,334
TT(C>G)GA,303
CG(T>C)TG,1209
TA(T>C)AA,1027
AC(T>G)TG,1460
AA(T>G)AA,1280
CT(T>A)CT,989
TT(T>G)TG,1471
AC(C>G)TC,372
AT(C>G)AG,396
AA(T>A)GA,800
GC(T>A)GT,998
GA(T>G)AC,1346
GA(T>G)GA,1314
GC(C>G)CG,406
TC(C>G)CA,279
GA(T>C)AG,1154
AC(T>G)AT,1476
AC(T>G)GT,1508
TC(T>G)AC,1351
AC(C>G)GA,292
AT(C>G)GG,428
TC(C>G)GC,359
GT(T>A)AC,846
CA(T>C)AA,1025
AA(T>G)GA,1312
AG(T>G)TC,1400
CT(T>G)CA,1309
GT(T>G)GC,1390
TC(C>G)TA,311
GA(T>A)AT,962
GG(T>C)CT,1242
GT(T>C)GC,1134
CA(T>G)TG,1457
AA(C>A)GC,96
AG(C>G)TT,504
TG(C>G)GC,363
TC(T>A)TA,823
CA(T>C)TA,1073
GT(T>C)TG,1214
CA(T>G)GC,1377
GT(T>G)TA,1342
CA(C>G)GG,417
CT(C>G)GG,429
GA(C>G)GG,418
TA(C>G)TC,371
TG(C>G)GA,299
AT(T>A)GG,940
CG(T>A)GT,1001
GT(T>A)AA,782
AG(T>G)GC,1384
CA(T>G)TA,1329
GA(T>G)AT,1474
GC(T>G)TA,1334
GG(T>G)CC,1370
AG(C>A)CG,152
AT(C>A)GC,108
AT(C>A)GT,236
CA(C>A)TC,113
CG(C>A)GA,41
CG(C>A)TT,249
GA(C>A)GT,226
GA(C>A)TA,50
TA(C>A)AG,131
TA(C>A)GA,35
TA(C>A)GT,227
AA(C>G)CA,272
AC(C>G)CC,340
AC(C>G)GT,484
AG(C>G)AC,328
AG(C>G)AT,456
AG(C>G)GA,296
AT(C>G)GC,364
AT(C>G)GT,492
CA(C>G)AC,321
CA(C>G)GA,289
CC(C>G)GC,357
CC(C>G)GT,485
CG(C>G)AA,265
CG(C>G)CG,409
CG(C>G)GA,297
CT(C>G)CG,413
GA(C>G)AG,386
GA(C>G)TT,498
GC(C>G)GC,358
GC(C>G)GT,486
GT(C>G)AT,462
GT(C>G)GT,494
TA(C>G)AA,259
TA(C>G)AC,323
TA(C>G)AT,451
TA(C>G)GA,291
TC(C>G)AC,327
TC(C>G)AT,455
TC(C>G)GA,295
TC(C>G)TT,503
TG(C>G)CT,475
TG(C>G)TA,315
TT(C>G)CA,287
TT(C>G)CG,415
TT(C>G)CT,479
AA(T>A)GT,992
AC(T>A)CA,788
AC(T>A)CG,916
AG(T>A)GC,872
AT(T>A)CC,860
CG(T>A)AC,841
CG(T>A)CA,793
CG(T>A)TT,1017
CT(T>A)AC,845
CT(T>A)CC,861
CT(T>A)GT,1005
GA(T>A)CA,786
GG(T>A)AA,778
GG(T>A)AC,842
GG(T>A)GT,1002
GT(T>A)AG,910
GT(T>A)GT,1006
TA(T>A)TT,1011
TG(T>A)AT,971
TG(T>A)TT,1019
TT(T>A)CG,927
AA(T>C)TA,1072
CG(T>C)GT,1257
CG(T>C)TT,1273
GC(T>C)TC,1142
GT(T>C)AA,1038
TA(T>C)TA,1075
AG(T>G)GT,1512
AG(T>G)TG,1464
CC(T>G)GT,1509
CC(T>G)TG,1461
GA(T>G)GG,1442
GA(T>G)TT,1522
GC(T>G)TC,1398
GG(T>G)GT,1514
GT(T>G)AT,1486
GT(T>G)GG,1454
TA(T>G)GT,1507
TC(T>G)AG,1415
TC(T>G)CC,1367
TG(T>G)AA,1291
TT(T>G)GT,1519
CG(C>G)AT,457
CG(T>G)TA,1337
CG(T>G)TG,1465
CT(T>G)CC,1373
AA(T>A)CG,912
CG(T>G)GT,1513
GA(C>G)GC,354
CT(T>G)TT,1533
CG(C>G)AG,393
CG(T>A)AG,905
GA(T>C)CT,1234
AA(T>G)TC,1392
AG(T>G)CA,1304
CG(T>G)TT,1529
AT(T>G)TG,1468
TG(T>A)AG,907
AC(T>G)CT,1492
CT(T>G)AC,1357
GG(T>G)CA,1306
TC(T>G)GA,1319
GT(T>A)CA,798
CC(T>G)TT,1525
GA(T>G)AA,1282
CC(C>G)GG,421
CT(T>A)TT,1021
GT(T>C)TC,1150
CA(T>G)TC,1393
GA(T>G)GC,1378
AT(T>C)AA,1036
CC(T>G)CC,1365
CC(T>G)TA,1333
GC(T>G)AA,1286
TA(T>G)TG,1459
AA(T>A)AT,960
AT(T>G)GT,1516
GT(T>G)TT,1534
TA(C>G)TA,307
GT(T>A)AT,974
TT(T>A)AT,975
AC(T>G)CA,1300
CA(T>G)CC,1361
TG(T>G)CA,1307
GA(C>T)TA,562
CG(T>A)TC,889
CT(T>A)AG,909
GA(T>A)CC,850
GA(T>A)CG,914
GA(T>A)GC,866
TT(T>A)AC,847
TT(T>A)AG,911
AG(T>C)CG,1176
AG(T>C)TA,1080
GT(T>C)CG,1182
AC(T>G)AA,1284
AT(T>G)CT,1500
AT(T>G)TC,1404
CC(T>G)TC,1397
CT(T>G)GT,1517
CT(T>G)TG,1469
GA(T>G)TG,1458
GC(T>G)AC,1350
GT(T>G)TC,1406
TA(T>G)AC,1347
TG(T>G)AG,1419
TG(T>G)TT,1531
GT(T>C)TA,1086
GG(T>G)TT,1530
CA(T>G)AA,1281
CC(T>G)AT,1477
GC(T>G)TT,1526
GT(C>G)GC,366
GC(T>G)GA,1318
TG(C>G)GT,491
TA(T>A)AT,963
TA(T>G)TC,1395
AA(T>G)GT,1504
TA(C>G)GC,355
TC(T>G)CG,1431
GA(T>C)TA,1074
AT(T>G)AC,1356
GC(T>G)CA,1302
GG(T>G)AA,1290
AA(C>G)GC,352
TC(T>C)CG,1175
AA(T>G)TA,1328
AC(T>G)TA,1332
GT(T>G)GA,1326
TT(T>G)TC,1407
AC(C>G)TA,308
GG(T>A)CG,922
AA(T>C)CG,1168
TC(T>C)AA,1031
AT(T>G)GA,1324
AT(T>C)TC,1148
TC(C>G)GG,423
AT(T>G)CG,1436
GT(T>G)AC,1358
TT(T>A)GC,879
CG(T>G)TC,1401
TC(T>G)TG,1463
TA(T>A)GA,803
AG(T>G)AC,1352
AG(T>G)TT,1528
AG(T>G)TA,1336
CT(T>G)TA,1341
GG(T>G)TA,1338
GG(T>G)AT,1482
TA(T>G)CA,1299
TA(T>G)TA,1331
AG(T>G)CC,1368
CT(T>G)GC,1389
CC(T>G)AG,1413
TT(C>G)GT,495
AC(T>G)AG,1412
CT(T>G)AT,1485
TT(T>G)CA,1311
TA(T>G)TT,1523
GT(T>G)CC,1374
CG(C>G)AC,329
GG(T>A)TC,890
AA(T>G)CT,1488
TA(T>G)GG,1443
CC(T>G)AC,1349
CC(T>G)CT,1493
GT(T>G)GT,1518
TT(T>G)GA,1327
AT(T>A)GC,876
AT(T>G)CC,1372
AT(T>G)TA,1340
CA(T>G)TT,1521
CG(C>G)GT,489
AT(T>A)CT,988
CA(T>G)CG,1425
GC(T>G)CG,1430
GT(T>G)CG,1438
TG(T>G)AT,1483
AG(T>G)GA,1320
GT(T>A)CT,990
TC(T>A)CG,919
TT(T>G)AT,1487
CA(T>G)AT,1473
GT(T>C)GT,1262
GT(T>A)TT,1022
AT(T>A)AT,972
TT(T>G)GC,1391
GA(C>G)GT,482
CG(C>G)TA,313
CG(C>G)TT,505
AT(T>G)AT,1484
CA(T>G)AC,1345
GA(T>G)GT,1506
AA(C>G)CC,336
GC(T>A)AC,838
GT(T>C)AG,1166
AG(T>A)AT,968
GA(C>G)CG,402
CG(T>C)TA,1081
AA(T>G)AT,1472
AA(T>G)CC,1360
AC(T>G)AC,1348
AG(T>G)CT,1496
CG(T>G)CA,1305
CT(T>G)AG,1421
GA(T>G)CT,1490
GA(T>G)TA,1330
GC(T>G)AG,1414
GT(T>G)AG,1422
TA(T>G)AT,1475
TA(T>G)CC,1363
TA(T>G)CT,1491
TA(T>G)GA,1315
TC(T>G)AA,1287
TC(T>G)AT,1479
TG(T>G)TA,1339
TG(T>G)AC,1355
TA(T>G)GC,1379
CG(T>A)AT,969
AT(T>A)AC,844
TA(T>G)CG,1427
GC(T>C)CG,1174
GC(C>G)AT,454
CC(T>G)CG,1429
CT(T>A)AT,973
CA(T>G)GA,1313
AG(T>G)AG,1416
CG(T>C)CG,1177
AA(T>G)AG,1408
AG(T>G)CG,1432
CG(T>G)AC,1353
TG(T>G)CT,1499
CG(C>A)TA,57
CG(C>A)AA,9
GA(C>G)CC,338
GG(T>G)CG,1434
AG(T>A)CG,920
CG(T>G)AG,1417
AA(T>G)AC,1344
CG(T>G)CG,1433
CG(T>A)AA,777
CT(T>G)CG,1437
AT(T>A)CG,924
CG(T>G)AT,1481
CG(T>G)AA,1289
GA(C>G)AC,322
CG(T>A)TA,825
AA(T>G)CG,1424
CG(T>G)CT,1497
TG(T>G)CG,1435
